"","decimalLongitude","decimalLatitude","coordinateUncertaintyInMeters","occurrenceStatus"
"1",-71.460639,-13.184434,31045,"PRESENT"
"2",-48.571315,-21.404255,30377,"PRESENT"
"3",-50.44091,-20.596259,30472,"PRESENT"
"4",-50.393548,-16.958294,30780,"PRESENT"
"5",-42.491226,-22.716053,30258,"PRESENT"
"6",-76.437317,-0.542883,8,"PRESENT"
"7",-73.752016,11.127258,31158,"PRESENT"
"8",-51.509638,-22.134604,30318,"PRESENT"
"9",-76.55682,3.44809,NA,"PRESENT"
"10",-73.864766,7.243772,NA,"PRESENT"
"11",-73.325093,5.113944,NA,"PRESENT"
"12",-76.223,1.71827,NA,"PRESENT"
"13",-79.198134,0.636505,NA,"PRESENT"
"14",-79.195798,0.635678,NA,"PRESENT"
"15",-54.122509,-25.82644,29913,"PRESENT"
"16",-48.201239,-15.480092,30885,"PRESENT"
"17",-48.569853,-20.113684,30508,"PRESENT"
"18",-76.21844,1.67569,NA,"PRESENT"
"19",-72.558687,11.133323,31158,"PRESENT"
"20",-55.957286,-9.347767,31245,"PRESENT"
"21",-68.85243,5.864861,31368,"PRESENT"
"22",-76.2173,1.67388,NA,"PRESENT"
"23",-49.394641,-28.021629,29656,"PRESENT"
"24",-48.957865,-26.181359,29891,"PRESENT"
"25",-71.136748,-29.225976,29508,"PRESENT"
"26",-48.383027,-15.440013,30885,"PRESENT"
"27",-43.973278,-19.927326,30527,"PRESENT"
"28",-47.432742,-22.549311,30278,"PRESENT"
"29",-59.227752,-26.440173,29845,"PRESENT"
"30",-77.758215,-1.803879,29852,"PRESENT"
"31",-48.121713,-21.700079,30357,"PRESENT"
"32",-46.527656,-18.666968,30632,"PRESENT"
"33",-65.22656,-24.976288,30025,"PRESENT"
"34",-71.036135,-29.300479,29508,"PRESENT"
"35",-48.304107,-15.472616,30885,"PRESENT"
"36",-48.371715,-15.420135,30885,"PRESENT"
"37",-48.217473,-15.546577,30885,"PRESENT"
"38",-56.981624,-19.426673,30562,"PRESENT"
"39",-76.22419,1.71725,NA,"PRESENT"
"40",-48.004731,-21.742306,30357,"PRESENT"
"41",-56.749977,-17.229545,30748,"PRESENT"
"42",-48.045707,-21.768809,30357,"PRESENT"
"43",-78.036081,-1.423637,20,"PRESENT"
"44",-72.643251,11.176357,31158,"PRESENT"
"45",-48.149133,-21.75232,30357,"PRESENT"
"46",-65.244602,-24.981354,30025,"PRESENT"
"47",-78.815355,-0.307747,28,"PRESENT"
"48",-43.856859,-19.898766,30527,"PRESENT"
"49",-75.458477,7.97166,31302,"PRESENT"
"50",-79.173693,0.615848,NA,"PRESENT"
"51",-48.680972,-20.389512,30490,"PRESENT"
"52",-48.190249,-21.767742,30357,"PRESENT"
"53",-71.649448,-13.599947,31020,"PRESENT"
"54",-68.885377,5.925501,31368,"PRESENT"
"55",-79.173852,0.615728,NA,"PRESENT"
"56",-79.176094,0.615756,NA,"PRESENT"
"57",-71.78218,5.31698,30,"PRESENT"
"58",-43.053068,-22.538161,30278,"PRESENT"
"59",-78.810334,-0.30676,8,"PRESENT"
"60",-48.135086,-21.786682,30357,"PRESENT"
"61",-72.404601,11.15424,31158,"PRESENT"
"62",-47.509946,-22.388593,30298,"PRESENT"
"63",-60.338086,-22.361575,200,"PRESENT"
"64",-54.472162,-25.614925,29936,"PRESENT"
"65",-79.176509,0.615855,NA,"PRESENT"
"66",-79.199272,0.642348,NA,"PRESENT"
"67",-78.61208,0.118406,120,"PRESENT"
"68",-78.254,-0.485,30,"PRESENT"
"69",-48.177543,-21.636058,30357,"PRESENT"
"70",-75.579562,6.112701,NA,"PRESENT"
"71",-79.184823,0.611998,NA,"PRESENT"
"72",-48.163072,-21.68806,30357,"PRESENT"
"73",-54.475125,-25.60796,29936,"PRESENT"
"74",-68.634713,5.849646,31368,"PRESENT"
"75",-48.096776,-21.764949,30357,"PRESENT"
"76",-71.393119,-29.236366,29508,"PRESENT"
"77",-71.341514,-29.243603,29508,"PRESENT"
"78",-42.17121,-22.486581,30278,"PRESENT"
"79",-75.477516,7.839505,31302,"PRESENT"
"80",-79.170067,0.612804,NA,"PRESENT"
"81",-79.198288,0.655201,NA,"PRESENT"
"82",-68.892986,5.89622,31368,"PRESENT"
"83",-43.823636,-19.931514,30527,"PRESENT"
"84",-52.897942,-18.149744,30683,"PRESENT"
"85",-47.502295,-22.54476,30278,"PRESENT"
"86",-58.615794,4.486941,31403,"PRESENT"
"87",-77.165965,7.836756,31302,"PRESENT"
"88",-48.197151,-21.749275,30357,"PRESENT"
"89",-48.025874,-21.625235,30357,"PRESENT"
"90",-79.181181,0.613025,NA,"PRESENT"
"91",-79.186683,0.624964,NA,"PRESENT"
"92",-79.175546,0.615798,NA,"PRESENT"
"93",-47.578871,-22.455959,30278,"PRESENT"
"94",-44.656997,-19.886578,30527,"PRESENT"
"95",-41.969592,-20.415195,30472,"PRESENT"
"96",-45.129991,-23.469356,30175,"PRESENT"
"97",-47.530175,-22.569805,30278,"PRESENT"
"98",-75.264519,6.666446,31344,"PRESENT"
"99",-74.244254,6.66374,31344,"PRESENT"
"100",-75.1374,9.97475,NA,"PRESENT"
"101",-79.170488,0.614678,NA,"PRESENT"
"102",-61.642683,-25.996414,29913,"PRESENT"
"103",-74.278029,6.701671,31344,"PRESENT"
"104",-74.232065,6.617651,31344,"PRESENT"
"105",-74.371816,6.657058,31344,"PRESENT"
"106",-74.326233,6.719824,31344,"PRESENT"
"107",-73.825688,7.33124,NA,"PRESENT"
"108",-79.185858,0.623893,NA,"PRESENT"
"109",-79.190358,0.631107,NA,"PRESENT"
"110",-69.959182,6.7381,NA,"PRESENT"
"111",-70.011018,6.776045,NA,"PRESENT"
"112",-70.012208,6.774928,NA,"PRESENT"
"113",-70.000965,6.775402,NA,"PRESENT"
"114",-70.159125,6.751625,NA,"PRESENT"
"115",-70.173088,6.754248,NA,"PRESENT"
"116",-70.235692,6.74157,NA,"PRESENT"
"117",-45.109818,-23.303939,30196,"PRESENT"
"118",-75.7353,4.924807,31394,"PRESENT"
"119",-75.17895,9.91575,NA,"PRESENT"
"120",-79.178375,0.617388,NA,"PRESENT"
"121",-79.15749,0.618585,NA,"PRESENT"
"122",-72.640815,11.069067,31158,"PRESENT"
"123",-76.44956,0.92876,NA,"PRESENT"
"124",-73.831283,7.341893,NA,"PRESENT"
"125",-73.840485,7.369537,NA,"PRESENT"
"126",-79.178175,0.617088,NA,"PRESENT"
"127",-48.138444,-15.533063,30885,"PRESENT"
"128",-52.420518,3.901709,31415,"PRESENT"
"129",-76.45416,0.93458,NA,"PRESENT"
"130",-79.170463,0.616316,NA,"PRESENT"
"131",-50.301477,-22.070112,30318,"PRESENT"
"132",-49.03835,-27.626293,29704,"PRESENT"
"133",-47.613545,-22.333771,30298,"PRESENT"
"134",-72.712862,10.912883,31169,"PRESENT"
"135",-47.556087,-22.388162,30298,"PRESENT"
"136",-53.812883,-26.908376,29798,"PRESENT"
"137",-79.175957,0.634915,NA,"PRESENT"
"138",-79.175312,0.640368,NA,"PRESENT"
"139",-66.09848,-13.762331,209,"PRESENT"
"140",-50.008355,-6.095076,31362,"PRESENT"
"141",-59.187226,-28.564599,29607,"PRESENT"
"142",-59.016238,-28.499401,29607,"PRESENT"
"143",-48.045225,-21.117976,30415,"PRESENT"
"144",-59.164004,-28.425717,29607,"PRESENT"
"145",-78.14468,-0.2913,NA,"PRESENT"
"146",-59.44414,-23.292741,30196,"PRESENT"
"147",-59.571879,-23.300195,30196,"PRESENT"
"148",-75.5318,6.1874,NA,"PRESENT"
"149",-73.909449,7.23839,NA,"PRESENT"
"150",-73.725,7.3405,5,"PRESENT"
"151",-79.198545,0.636974,NA,"PRESENT"
"152",-79.170106,0.61089,NA,"PRESENT"
"153",-79.17292,0.606012,NA,"PRESENT"
"154",-45.08687,-23.454192,30175,"PRESENT"
"155",-75.497665,6.172867,NA,"PRESENT"
"156",-76.638918,1.040382,31448,"PRESENT"
"157",-47.9013093,-24.0743761,NA,"PRESENT"
"158",-75.489,6.1899,NA,"PRESENT"
"159",-71.143175,-29.532424,29483,"PRESENT"
"160",-48.088306,-21.611294,30357,"PRESENT"
"161",-48.6143152,-24.4427751,NA,"PRESENT"
"162",-79.170558,0.616539,NA,"PRESENT"
"163",-48.308802,-21.052817,30415,"PRESENT"
"164",-48.196883,-22.055757,30318,"PRESENT"
"165",-47.809036,-21.808864,30338,"PRESENT"
"166",-48.287545,-15.571207,30885,"PRESENT"
"167",-79.19624,0.618819,NA,"PRESENT"
"168",-46.862942,-23.854619,30133,"PRESENT"
"169",-75.938133,-0.182022,16,"PRESENT"
"170",-78.144722,-0.291275,4,"PRESENT"
"171",-76.793941,0.885808,NA,"PRESENT"
"172",-76.81185,0.869896,NA,"PRESENT"
"173",-76.78817,0.867748,NA,"PRESENT"
"174",-73.153,5.989,NA,"PRESENT"
"175",-74.14826,6.70405,NA,"PRESENT"
"176",-57.355851,-24.974269,362,"PRESENT"
"177",-78.067073,-1.404419,NA,"PRESENT"
"178",-78.066008,-1.406433,NA,"PRESENT"
"179",-68.44974,5.6594,NA,"PRESENT"
"180",-68.13488,5.83746,NA,"PRESENT"
"181",-68.25189,5.90541,NA,"PRESENT"
"182",-68.25924,5.92015,NA,"PRESENT"
"183",-74.09894,6.63811,NA,"PRESENT"
"184",-74.09795,6.63269,NA,"PRESENT"
"185",-74.13653,6.60748,NA,"PRESENT"
"186",-79.179207,0.62429,NA,"PRESENT"
"187",-73.44017,6.70857,NA,"PRESENT"
"188",-73.42483,6.8032,NA,"PRESENT"
"189",-73.42483,6.80319,NA,"PRESENT"
"190",-73.42483,6.79724,NA,"PRESENT"
"191",-73.43406,6.80067,NA,"PRESENT"
"192",-76.876467,0.948257,31449,"PRESENT"
"193",-47.448503,-22.379214,30298,"PRESENT"
"194",-72.73448,11.010152,31158,"PRESENT"
"195",-76.16777,4.83115,NA,"PRESENT"
"196",-73.305371,4.621021,NA,"PRESENT"
"197",-73.324502,4.642764,NA,"PRESENT"
"198",-69.8453,-3.90748,NA,"PRESENT"
"199",-73.44017,6.7019,NA,"PRESENT"
"200",-73.44017,6.72534,NA,"PRESENT"
"201",-73.44017,6.72058,NA,"PRESENT"
"202",-73.42483,6.7652,NA,"PRESENT"
"203",-78.126013,0.349977,68218,"PRESENT"
"204",-79.191246,0.63322,NA,"PRESENT"
"205",-41.138165,-20.589248,30472,"PRESENT"
"206",-73.13342,5.9684,NA,"PRESENT"
"207",-73.409498,3.526048,NA,"PRESENT"
"208",-79.198219,0.65465,NA,"PRESENT"
"209",-79.174215,0.615649,NA,"PRESENT"
"210",-69.03706,-12.344255,31092,"PRESENT"
"211",-79.173705,0.615805,NA,"PRESENT"
"212",-79.181635,0.612058,NA,"PRESENT"
"213",-67.748683,-16.224654,364,"PRESENT"
"214",-76.40904,7.319518,31324,"PRESENT"
"215",-76.78092,0.87417,NA,"PRESENT"
"216",-79.171186,0.616791,NA,"PRESENT"
"217",-79.167986,0.653855,NA,"PRESENT"
"218",-47.9480096,-24.0616759,NA,"PRESENT"
"219",-47.9239094,-24.073676,NA,"PRESENT"
"220",-79.170555,0.610825,NA,"PRESENT"
"221",-79.17032,0.615904,NA,"PRESENT"
"222",-47.8106085,-24.0195762,NA,"PRESENT"
"223",-47.8674091,-24.0768762,NA,"PRESENT"
"224",-47.9507097,-24.083476,NA,"PRESENT"
"225",-48.3858132,-24.2817753,NA,"PRESENT"
"226",-48.3092128,-24.3117756,NA,"PRESENT"
"227",-48.1800116,-24.2075757,NA,"PRESENT"
"228",-48.4129135,-24.3081753,NA,"PRESENT"
"229",-48.4185134,-24.2942753,NA,"PRESENT"
"230",-74.367485,6.868905,31337,"PRESENT"
"231",-74.287063,6.680083,31344,"PRESENT"
"232",-74.26627,6.701522,31344,"PRESENT"
"233",-47.9710098,-24.0912759,NA,"PRESENT"
"234",-48.5907151,-24.4396752,NA,"PRESENT"
"235",-47.9748097,-24.0611759,NA,"PRESENT"
"236",-48.3651131,-24.2920754,NA,"PRESENT"
"237",-76.376291,7.043478,31331,"PRESENT"
"238",-74.235896,6.641369,31344,"PRESENT"
"239",-72.911978,4.457879,NA,"PRESENT"
"240",-72.73182,4.44921,NA,"PRESENT"
"241",-79.172257,0.609124,NA,"PRESENT"
"242",-79.197043,0.659746,NA,"PRESENT"
"243",-62.409662,-21.522859,2936,"PRESENT"
"244",-62.39538,-21.489433,15,"PRESENT"
"245",-74.987291,6.38751,31356,"PRESENT"
"246",-59.622378,-26.645508,29822,"PRESENT"
"247",-76.325841,-0.51008,2000,"PRESENT"
"248",-48.094968,-21.072947,30415,"PRESENT"
"249",-48.162814,-21.07332,30415,"PRESENT"
"250",-48.194629,-21.167349,30415,"PRESENT"
"251",-48.079865,-21.053314,30415,"PRESENT"
"252",-48.014655,-21.140756,30415,"PRESENT"
"253",-73.74327,7.08398,NA,"PRESENT"
"254",-53.01296,5.23079,29901,"PRESENT"
"255",-74.891088,6.246027,31356,"PRESENT"
"256",-47.553936,-22.206671,30298,"PRESENT"
"257",-78.358208,-0.333298,31451,"PRESENT"
"258",-46.904406,-22.324158,30298,"PRESENT"
"259",-70.704,5.4407,NA,"PRESENT"
"260",-70.803,5.2902,NA,"PRESENT"
"261",-73.15,6.003,NA,"PRESENT"
"262",-73.406327,3.523247,NA,"PRESENT"
"263",-73.45325,3.5674,NA,"PRESENT"
"264",-53.39897,3.91587,65138,"PRESENT"
"265",-53.10059,4.52924,64240,"PRESENT"
"266",-47.92852,-15.80636,30855,"PRESENT"
"267",-78.066788,-1.404179,NA,"PRESENT"
"268",-74.278167,5.948944,NA,"PRESENT"
"269",-74.275667,5.946528,NA,"PRESENT"
"270",-74.278917,5.945278,NA,"PRESENT"
"271",-73.409839,3.551472,NA,"PRESENT"
"272",-75.422283,5.378033,5,"PRESENT"
"273",-77.21234,4.74885,NA,"PRESENT"
"274",-78.066563,-1.404176,8,"PRESENT"
"275",-71.772,5.221,NA,"PRESENT"
"276",-75.4572,4.64805,NA,"PRESENT"
"277",-53.98321,4.96476,74011,"PRESENT"
"278",-68.333927,-14.189209,208,"PRESENT"
"279",-56.613339,-16.443591,30810,"PRESENT"
"280",-75.5558,4.4822,NA,"PRESENT"
"281",-55.818874,-20.149632,30508,"PRESENT"
"282",-75.575434,7.196882,NA,"PRESENT"
"283",-72.884,4.502,NA,"PRESENT"
"284",-77.458789,-1.020963,31448,"PRESENT"
"285",-40.15347,-19.096687,30598,"PRESENT"
"286",-73.859211,6.986076,NA,"PRESENT"
"287",-72.44056,-0.55063,NA,"PRESENT"
"288",-70.726719,6.778511,NA,"PRESENT"
"289",-54.27051,4.83035,40985,"PRESENT"
"290",-52.39757,4.74831,5000,"PRESENT"
"291",-52.51849,3.94175,90150,"PRESENT"
"292",-71.707907,5.231844,31384,"PRESENT"
"293",-75.50229,6.24581,5,"PRESENT"
"294",-75.99,1.46194,NA,"PRESENT"
"295",-75.9825,1.46306,NA,"PRESENT"
"296",-76.29438,0.50526,NA,"PRESENT"
"297",-77.10729,0.6476,NA,"PRESENT"
"298",-79.197977,0.641933,NA,"PRESENT"
"299",-73.409921,3.551567,NA,"PRESENT"
"300",-52.51299,4.46443,42776,"PRESENT"
"301",-59.153967,-9.175692,31254,"PRESENT"
"302",-61.148837,-28.783461,29582,"PRESENT"
"303",-40.220833,-19.624167,NA,"PRESENT"
"304",-76.24306,1.13389,NA,"PRESENT"
"305",-75.99278,1.47806,NA,"PRESENT"
"306",-79.160619,0.610196,NA,"PRESENT"
"307",-79.174508,0.615787,NA,"PRESENT"
"308",-79.198236,0.636656,NA,"PRESENT"
"309",-79.201541,0.646166,NA,"PRESENT"
"310",-49.275716,-23.152191,30217,"PRESENT"
"311",-76.063568,-1.044604,30251,"PRESENT"
"312",-68.331141,-10.127107,31208,"PRESENT"
"313",-78.944269,0.393586,31451,"PRESENT"
"314",-78.066693,-1.404066,NA,"PRESENT"
"315",-76.78812,0.88356,NA,"PRESENT"
"316",-71.786,5.234,NA,"PRESENT"
"317",-76.25,1.14,NA,"PRESENT"
"318",-70.047485,-29.83087,29433,"PRESENT"
"319",-47.268925,-21.653511,30357,"PRESENT"
"320",-78.602075,0.145046,1500,"PRESENT"
"321",-76.26757,4.70755,NA,"PRESENT"
"322",-76.76492,0.87067,NA,"PRESENT"
"323",-76.779941,0.870541,NA,"PRESENT"
"324",-79.181242,0.612898,NA,"PRESENT"
"325",-48.788153,-17.67159,37571,"PRESENT"
"326",-74.36516,6.981877,31337,"PRESENT"
"327",-74.361429,6.871933,31337,"PRESENT"
"328",-74.209686,6.848432,31337,"PRESENT"
"329",-58.695981,4.644243,31,"PRESENT"
"330",-75.461072,5.031397,NA,"PRESENT"
"331",-77.05717,4.00123,NA,"PRESENT"
"332",-77.05723,4.01997,NA,"PRESENT"
"333",-73.83551,3.83843,NA,"PRESENT"
"334",-75.528028,4.815139,NA,"PRESENT"
"335",-75.535528,4.813972,NA,"PRESENT"
"336",-75.378722,4.942417,NA,"PRESENT"
"337",-75.37925,4.942472,NA,"PRESENT"
"338",-75.380306,4.94225,NA,"PRESENT"
"339",-71.002083,0.022056,3,"PRESENT"
"340",-78.112416,-1.428952,488,"PRESENT"
"341",-75.386028,5.016806,NA,"PRESENT"
"342",-71.392444,3.818705,NA,"PRESENT"
"343",-69.60138,-2.17299,NA,"PRESENT"
"344",-76.886352,0.816199,31449,"PRESENT"
"345",-75.438889,4.951111,NA,"PRESENT"
"346",-74.75667,1.35111,NA,"PRESENT"
"347",-74.74111,1.37167,NA,"PRESENT"
"348",-73.455667,4.51442,NA,"PRESENT"
"349",-75.635658,8.296499,NA,"PRESENT"
"350",-74.307472,5.900167,NA,"PRESENT"
"351",-73.434056,4.52231,NA,"PRESENT"
"352",-73.447417,4.51714,NA,"PRESENT"
"353",-52.30742,4.74849,5000,"PRESENT"
"354",-71.79144,-16.237834,30826,"PRESENT"
"355",-76.052165,-0.547531,NA,"PRESENT"
"356",-60.716889,-28.642138,29582,"PRESENT"
"357",-73.7284,4.9154,NA,"PRESENT"
"358",-74.74957,0.35778,NA,"PRESENT"
"359",-74.72719,0.36533,NA,"PRESENT"
"360",-74.70863,0.3472,NA,"PRESENT"
"361",-74.62096,0.28856,NA,"PRESENT"
"362",-74.62587,0.2699,NA,"PRESENT"
"363",-69.65172,-2.14773,NA,"PRESENT"
"364",-70.182919,-12.449721,31081,"PRESENT"
"365",-74.280722,5.949194,NA,"PRESENT"
"366",-75.71028,4.09019,NA,"PRESENT"
"367",-73.323528,7.103556,NA,"PRESENT"
"368",-64.565096,-23.7038,30154,"PRESENT"
"369",-75.15095,9.92649,NA,"PRESENT"
"370",-76.948333,1.519972,NA,"PRESENT"
"371",-74.955778,6.073833,NA,"PRESENT"
"372",-74.278389,5.946278,NA,"PRESENT"
"373",-70.8648,5.3778,NA,"PRESENT"
"374",-71.772,6.373,NA,"PRESENT"
"375",-73.387167,7.099917,NA,"PRESENT"
"376",-56.85761,-16.747007,10,"PRESENT"
"377",-54.199496,-25.98862,29913,"PRESENT"
"378",-74.276417,5.943694,NA,"PRESENT"
"379",-70.8018,5.3131,NA,"PRESENT"
"380",-70.8316,5.314,NA,"PRESENT"
"381",-70.004,5.49,NA,"PRESENT"
"382",-52.7657,4.93463,45413,"PRESENT"
"383",-70.806,5.335,NA,"PRESENT"
"384",-70.787,5.3387,NA,"PRESENT"
"385",-74.59117,0.03218,NA,"PRESENT"
"386",-74.59998,0.0601,NA,"PRESENT"
"387",-77.073795,0.654024,48,"PRESENT"
"388",-47.923044,-15.857074,30855,"PRESENT"
"389",-53.898683,-25.999709,29913,"PRESENT"
"390",-76.29456,4.68583,NA,"PRESENT"
"391",-75.58871,1.43699,NA,"PRESENT"
"392",-68.05131,5.94589,NA,"PRESENT"
"393",-67.72197,6.09917,NA,"PRESENT"
"394",-67.71239,6.09414,NA,"PRESENT"
"395",-74.15592,6.69555,NA,"PRESENT"
"396",-68.051306,5.945889,NA,"PRESENT"
"397",-67.721972,6.099167,NA,"PRESENT"
"398",-67.712389,6.094139,NA,"PRESENT"
"399",-52.5785,5.01922,5000,"PRESENT"
"400",-68.43392,5.61478,NA,"PRESENT"
"401",-68.43869,5.62006,NA,"PRESENT"
"402",-68.17906,5.76369,NA,"PRESENT"
"403",-68.17514,5.77864,NA,"PRESENT"
"404",-68.21467,5.78972,NA,"PRESENT"
"405",-68.42803,5.80225,NA,"PRESENT"
"406",-68.43644,5.81458,NA,"PRESENT"
"407",-67.764,6.15183,NA,"PRESENT"
"408",-68.18825,5.84175,NA,"PRESENT"
"409",-74.15387,6.70474,NA,"PRESENT"
"410",-68.219528,5.786472,NA,"PRESENT"
"411",-67.756139,6.137611,NA,"PRESENT"
"412",-68.433917,5.614778,NA,"PRESENT"
"413",-68.438694,5.620056,NA,"PRESENT"
"414",-68.179056,5.763694,NA,"PRESENT"
"415",-68.175139,5.778639,NA,"PRESENT"
"416",-68.214667,5.789722,NA,"PRESENT"
"417",-67.764,6.151833,NA,"PRESENT"
"418",-68.160621,5.83562,NA,"PRESENT"
"419",-68.226976,5.871962,NA,"PRESENT"
"420",-70.198283,6.7121,5,"PRESENT"
"421",-78.130133,0.398042,54765,"PRESENT"
"422",-76.30284,4.7383,NA,"PRESENT"
"423",-74.14478,6.47504,NA,"PRESENT"
"424",-46.0050893,-23.39112,NA,"PRESENT"
"425",-45.1763284,-23.3269559,NA,"PRESENT"
"426",-45.2723488,-23.2237054,NA,"PRESENT"
"427",-45.568135,-23.2745108,NA,"PRESENT"
"428",-45.5455593,-23.1060183,NA,"PRESENT"
"429",-45.6933165,-23.4951061,NA,"PRESENT"
"430",-45.7781011,-23.507333,NA,"PRESENT"
"431",-45.1321978,-23.2210557,NA,"PRESENT"
"432",-45.1681791,-23.2336566,NA,"PRESENT"
"433",-45.3333695,-23.3366356,NA,"PRESENT"
"434",-68.506215,5.595931,NA,"PRESENT"
"435",-68.466863,5.575225,NA,"PRESENT"
"436",-75.710278,4.090194,NA,"PRESENT"
"437",-77.38762,1.17497,NA,"PRESENT"
"438",-73.7279,4.9144,NA,"PRESENT"
"439",-73.72786,4.91442,NA,"PRESENT"
"440",-70.7744,5.3304,NA,"PRESENT"
"441",-68.46253,5.59533,NA,"PRESENT"
"442",-75.10379,6.25207,NA,"PRESENT"
"443",-73.7305,4.9161,NA,"PRESENT"
"444",-73.7285,4.9154,NA,"PRESENT"
"445",-47.477224,-21.747177,30357,"PRESENT"
"446",-73.72761,4.91361,NA,"PRESENT"
"447",-73.7305,4.91614,NA,"PRESENT"
"448",-76.562355,1.797922,31444,"PRESENT"
"449",-76.422457,1.711658,31444,"PRESENT"
"450",-71.546709,-12.816152,31057,"PRESENT"
"451",-75.358817,4.971217,NA,"PRESENT"
"452",-75.3698,4.980267,NA,"PRESENT"
"453",-75.3703,4.980567,NA,"PRESENT"
"454",-75.3704,4.98065,NA,"PRESENT"
"455",-75.3748,4.986033,NA,"PRESENT"
"456",-75.395933,4.978483,NA,"PRESENT"
"457",-75.396917,4.97985,NA,"PRESENT"
"458",-76.087306,1.602139,NA,"PRESENT"
"459",-73.7399,4.8995,NA,"PRESENT"
"460",-73.73992,4.89947,NA,"PRESENT"
"461",-73.72839,4.91536,NA,"PRESENT"
"462",-70.05659,-3.84331,NA,"PRESENT"
"463",-75.09307,10.68562,NA,"PRESENT"
"464",-75.816249,5.607913,100,"PRESENT"
"465",-75.992065,5.733049,31373,"PRESENT"
"466",-73.73983,4.90114,NA,"PRESENT"
"467",-73.71783,4.87722,NA,"PRESENT"
"468",-75.395917,4.97845,NA,"PRESENT"
"469",-75.399117,4.9831,NA,"PRESENT"
"470",-76.34972,1.79711,NA,"PRESENT"
"471",-75.18981,10.68638,NA,"PRESENT"
"472",-74.355706,6.814001,31337,"PRESENT"
"473",-65.977793,-10.861194,478,"PRESENT"
"474",-78.197704,-2.173733,31,"PRESENT"
"475",-76.116678,1.618583,NA,"PRESENT"
"476",-59.708234,-26.994355,29798,"PRESENT"
"477",-59.601437,-26.864522,29798,"PRESENT"
"478",-78.635331,0.117589,NA,"PRESENT"
"479",-76.14839,4.79914,NA,"PRESENT"
"480",-77.07444,4.00337,NA,"PRESENT"
"481",-77.0674,3.98936,NA,"PRESENT"
"482",-73.83857,3.83854,NA,"PRESENT"
"483",-74.22125,6.733862,31344,"PRESENT"
"484",-74.206322,6.960559,31337,"PRESENT"
"485",-74.304525,6.96043,31337,"PRESENT"
"486",-74.322583,6.76099,31344,"PRESENT"
"487",-74.381769,6.684012,31344,"PRESENT"
"488",-76.8113,1.6905,NA,"PRESENT"
"489",-75.36975,4.9802,NA,"PRESENT"
"490",-77.07806,3.9984,NA,"PRESENT"
"491",-77.02434,4.00193,NA,"PRESENT"
"492",-77.00021,3.96913,NA,"PRESENT"
"493",-77.00873,3.96764,NA,"PRESENT"
"494",-77.04704,4.01656,NA,"PRESENT"
"495",-75.105139,9.940667,NA,"PRESENT"
"496",-63.862839,-17.619155,6093,"PRESENT"
"497",-63.895798,-17.581194,4056,"PRESENT"
"498",-67.73356,6.08489,NA,"PRESENT"
"499",-74.15592,6.69558,NA,"PRESENT"
"500",-74.14825,6.70408,NA,"PRESENT"
"501",-68.244278,6.176528,NA,"PRESENT"
"502",-67.896778,6.081778,NA,"PRESENT"
"503",-52.84979,5.28977,5000,"PRESENT"
"504",-61.108583,5.571811,31379,"PRESENT"
"505",-75.36875,4.978889,NA,"PRESENT"
"506",-75.370222,4.980556,NA,"PRESENT"
"507",-75.370611,4.981583,NA,"PRESENT"
"508",-75.359111,4.971472,NA,"PRESENT"
"509",-69.07424,5.76139,NA,"PRESENT"
"510",-68.46842,5.67792,NA,"PRESENT"
"511",-68.17917,5.78517,NA,"PRESENT"
"512",-68.1235,5.80097,NA,"PRESENT"
"513",-68.15642,5.80747,NA,"PRESENT"
"514",-68.19356,5.85075,NA,"PRESENT"
"515",-67.848972,5.83825,NA,"PRESENT"
"516",-75.37875,4.942389,NA,"PRESENT"
"517",-75.529778,4.813778,NA,"PRESENT"
"518",-75.529472,4.814028,NA,"PRESENT"
"519",-75.528056,4.815111,NA,"PRESENT"
"520",-68.50496,5.72637,NA,"PRESENT"
"521",-73.514444,7.066111,NA,"PRESENT"
"522",-67.81625,5.788833,NA,"PRESENT"
"523",-67.736944,6.146944,NA,"PRESENT"
"524",-65.407003,-16.969215,1992,"PRESENT"
"525",-59.85483,-25.850449,29913,"PRESENT"
"526",-70.817673,-13.806409,30994,"PRESENT"
"527",-75.381833,4.943889,NA,"PRESENT"
"528",-73.44429,4.51738,NA,"PRESENT"
"529",-76.032806,5.091583,NA,"PRESENT"
"530",-76.02,5.148778,NA,"PRESENT"
"531",-75.377778,4.941583,NA,"PRESENT"
"532",-75.382722,4.937056,NA,"PRESENT"
"533",-75.68,1.45556,NA,"PRESENT"
"534",-76.038583,5.036,NA,"PRESENT"
"535",-76.163194,5.299806,NA,"PRESENT"
"536",-76.086,4.947417,NA,"PRESENT"
"537",-76.078694,4.972833,NA,"PRESENT"
"538",-76.045083,5.056167,NA,"PRESENT"
"539",-76.02475,5.133861,NA,"PRESENT"
"540",-75.365383,4.974667,NA,"PRESENT"
"541",-75.37035,4.98065,NA,"PRESENT"
"542",-75.3659,4.975,NA,"PRESENT"
"543",-75.363733,4.9736,NA,"PRESENT"
"544",-75.528983,4.814383,NA,"PRESENT"
"545",-75.64529,1.40615,NA,"PRESENT"
"546",-46.817426,-14.580181,30954,"PRESENT"
"547",-56.174146,-19.410629,30562,"PRESENT"
"548",-76.050528,5.209833,NA,"PRESENT"
"549",-76.036472,5.173,NA,"PRESENT"
"550",-77.171417,7.412861,NA,"PRESENT"
"551",-75.378278,4.941944,NA,"PRESENT"
"552",-75.382306,4.942778,NA,"PRESENT"
"553",-47.997523,-15.90527,30855,"PRESENT"
"554",-59.789783,-26.669491,29822,"PRESENT"
"555",-72.55323,5.20128,NA,"PRESENT"
"556",-72.17041,4.67934,NA,"PRESENT"
"557",-56.087017,-19.588499,250,"PRESENT"
"558",-73.793,2.261,NA,"PRESENT"
"559",-73.77789,2.265684,NA,"PRESENT"
"560",-52.93944,5.10866,5000,"PRESENT"
"561",-77.32528,1.92822,NA,"PRESENT"
"562",-76.17816,7.97191,NA,"PRESENT"
"563",-76.17958,7.98499,NA,"PRESENT"
"564",-76.17759,7.98454,NA,"PRESENT"
"565",-76.1761,7.98339,NA,"PRESENT"
"566",-76.17489,7.98267,NA,"PRESENT"
"567",-76.17466,7.98072,NA,"PRESENT"
"568",-73.796507,2.275649,NA,"PRESENT"
"569",-75.198611,5.895,NA,"PRESENT"
"570",-52.208594,-15.881654,30855,"PRESENT"
"571",-53.64794,4.98304,80171,"PRESENT"
"572",-69.73361,-1.34939,NA,"PRESENT"
"573",-71.457756,5.422906,NA,"PRESENT"
"574",-71.524783,6.007717,NA,"PRESENT"
"575",-71.545633,5.988517,NA,"PRESENT"
"576",-71.457083,5.934317,NA,"PRESENT"
"577",-71.461433,5.92835,NA,"PRESENT"
"578",-71.473133,5.924767,NA,"PRESENT"
"579",-75.383303,4.944794,NA,"PRESENT"
"580",-75.382681,4.944761,NA,"PRESENT"
"581",-75.382031,4.944522,NA,"PRESENT"
"582",-75.383472,4.944778,NA,"PRESENT"
"583",-55.5575,-24.030416,30112,"PRESENT"
"584",-75.383917,4.945472,NA,"PRESENT"
"585",-75.381806,4.943944,NA,"PRESENT"
"586",-70.152017,6.098086,NA,"PRESENT"
"587",-68.12867,5.82839,NA,"PRESENT"
"588",-70.152016,6.098086,6,"PRESENT"
"589",-69.806306,6.431722,NA,"PRESENT"
"590",-74.352417,7.164778,NA,"PRESENT"
"591",-74.349778,7.143833,NA,"PRESENT"
"592",-68.128667,5.828389,NA,"PRESENT"
"593",-46.76113,-23.523195,30175,"PRESENT"
"594",-68.178,5.76464,NA,"PRESENT"
"595",-68.05311,5.94258,NA,"PRESENT"
"596",-74.352694,7.169611,NA,"PRESENT"
"597",-68.178,5.764639,NA,"PRESENT"
"598",-68.053111,5.942583,NA,"PRESENT"
"599",-75.70573,6.92344,NA,"PRESENT"
"600",-75.70594,6.64464,NA,"PRESENT"
"601",-75.68348,6.64759,NA,"PRESENT"
"602",-75.74781,6.85284,NA,"PRESENT"
"603",-75.387722,4.977306,NA,"PRESENT"
"604",-75.526361,4.817889,NA,"PRESENT"
"605",-75.69855,6.78067,NA,"PRESENT"
"606",-75.68284,6.77428,NA,"PRESENT"
"607",-75.68824,6.68596,NA,"PRESENT"
"608",-75.69743,6.6733,NA,"PRESENT"
"609",-75.96796,6.99071,NA,"PRESENT"
"610",-78.163239,-2.033095,244,"PRESENT"
"611",-73.786389,10.123056,NA,"PRESENT"
"612",-56.962383,-19.493931,25,"PRESENT"
"613",-74.774844,6.441948,31350,"PRESENT"
"614",-71.512461,3.771434,NA,"PRESENT"
"615",-71.446068,3.688454,NA,"PRESENT"
"616",-55.970607,-20.109132,30508,"PRESENT"
"617",-75.68795,7.13067,NA,"PRESENT"
"618",-75.78426,6.80306,NA,"PRESENT"
"619",-75.68438,7.11353,NA,"PRESENT"
"620",-56.811845,-16.678189,25,"PRESENT"
"621",-68.560115,2.567285,246097,"PRESENT"
"622",-78.840904,0.35002,19969,"PRESENT"
"623",-75.527222,4.815611,NA,"PRESENT"
"624",-75.528861,4.814556,NA,"PRESENT"
"625",-75.528944,4.814472,NA,"PRESENT"
"626",-68.71049,5.85213,NA,"PRESENT"
"627",-76.02048,3.33746,NA,"PRESENT"
"628",-73.3715,7.041194,NA,"PRESENT"
"629",-59.67416,-22.530035,250,"PRESENT"
"630",-54.729219,-20.493321,30472,"PRESENT"
"631",-78.414389,0.370979,1437,"PRESENT"
"632",-76.12805,3.869506,NA,"PRESENT"
"633",-76.165208,3.240692,NA,"PRESENT"
"634",-73.3253,3.77068,NA,"PRESENT"
"635",-73.24595,3.76473,NA,"PRESENT"
"636",-73.37919,3.82774,NA,"PRESENT"
"637",-76.131647,4.845017,NA,"PRESENT"
"638",-70.034147,-9.916129,31218,"PRESENT"
"639",-76.043867,3.58455,NA,"PRESENT"
"640",-76.0652,3.546531,NA,"PRESENT"
"641",-73.36516,4.68115,NA,"PRESENT"
"642",-71.664974,5.420104,31379,"PRESENT"
"643",-75.414342,5.028719,NA,"PRESENT"
"644",-69.712528,6.262611,NA,"PRESENT"
"645",-76.730208,-1.146726,NA,"PRESENT"
"646",-72.07494,4.75097,NA,"PRESENT"
"647",-76.22725,6.252222,NA,"PRESENT"
"648",-70.992361,6.812667,NA,"PRESENT"
"649",-69.506437,-18.442528,10,"PRESENT"
"650",-69.503391,-18.411228,10,"PRESENT"
"651",-71.966389,6.433056,NA,"PRESENT"
"652",-53.75812,2.97142,104479,"PRESENT"
"653",-77.346278,2.770167,NA,"PRESENT"
"654",-75.493556,9.573083,NA,"PRESENT"
"655",-42.428176,-20.973214,30434,"PRESENT"
"656",-77.248056,5.6805,NA,"PRESENT"
"657",-76.085472,3.725361,NA,"PRESENT"
"658",-50.549585,-5.933942,31368,"PRESENT"
"659",-72.019034,4.606061,NA,"PRESENT"
"660",-48.1734241,-21.7428917,NA,"PRESENT"
"661",-73.982028,11.311667,NA,"PRESENT"
"662",-49.639999,-22.520033,30278,"PRESENT"
"663",-54.4481,-25.67323,106.5,"PRESENT"
"664",-75.678056,2.316639,505,"PRESENT"
"665",-55.225675,-19.676545,30545,"PRESENT"
"666",-70.643828,5.1104,NA,"PRESENT"
"667",-70.641755,5.104908,NA,"PRESENT"
"668",-77.13786,7.84525,NA,"PRESENT"
"669",-74.125194,11.306861,NA,"PRESENT"
"670",-54.03768,3.63636,2500,"PRESENT"
"671",-42.677722,-22.588286,30278,"PRESENT"
"672",-76.686556,5.133361,NA,"PRESENT"
"673",-75.338285,5.135317,NA,"PRESENT"
"674",-53.47586,3.75106,5000,"PRESENT"
"675",-69.628788,-18.056394,10,"PRESENT"
"676",-69.626842,-18.040602,10,"PRESENT"
"677",-69.542423,-18.114058,10,"PRESENT"
"678",-53.10427,2.41027,5000,"PRESENT"
"679",-49.6866999,-22.4210768,NA,"PRESENT"
"680",-56.039735,-19.496551,30562,"PRESENT"
"681",-77.271111,6.092778,NA,"PRESENT"
"682",-54.08295,3.72654,2500,"PRESENT"
"683",-52.77703,3.00675,2500,"PRESENT"
"684",-73.918361,8.420361,NA,"PRESENT"
"685",-46.133777,-23.087343,30217,"PRESENT"
"686",-56.127267,-19.593246,30562,"PRESENT"
"687",-70.094222,-12.419917,31081,"PRESENT"
"688",-76.5605,6.699083,NA,"PRESENT"
"689",-73.91263,3.645929,NA,"PRESENT"
"690",-73.900875,3.621519,NA,"PRESENT"
"691",-73.903724,3.595526,NA,"PRESENT"
"692",-73.892549,3.619492,NA,"PRESENT"
"693",-73.89639,3.615064,NA,"PRESENT"
"694",-73.884262,3.608438,NA,"PRESENT"
"695",-73.912954,3.623849,NA,"PRESENT"
"696",-73.88747,3.606216,NA,"PRESENT"
"697",-73.876378,3.628979,NA,"PRESENT"
"698",-73.892762,3.607218,NA,"PRESENT"
"699",-71.752629,3.563484,NA,"PRESENT"
"700",-71.52892,3.554069,NA,"PRESENT"
"701",-71.402006,4.731276,NA,"PRESENT"
"702",-72.284665,3.546199,NA,"PRESENT"
"703",-71.989724,4.114151,NA,"PRESENT"
"704",-72.04922,4.369577,NA,"PRESENT"
"705",-71.388946,4.517226,NA,"PRESENT"
"706",-71.711632,4.476988,NA,"PRESENT"
"707",-71.549171,4.543956,NA,"PRESENT"
"708",-71.499409,4.535381,NA,"PRESENT"
"709",-71.562081,4.633628,NA,"PRESENT"
"710",-71.498947,4.610093,NA,"PRESENT"
"711",-71.620804,4.606237,NA,"PRESENT"
"712",-71.761631,3.634763,NA,"PRESENT"
"713",-71.373363,3.485469,NA,"PRESENT"
"714",-71.621656,4.592994,NA,"PRESENT"
"715",-71.646235,4.578634,NA,"PRESENT"
"716",-71.655472,4.563219,NA,"PRESENT"
"717",-72.075761,4.17334,NA,"PRESENT"
"718",-71.942883,4.373403,NA,"PRESENT"
"719",-72.280793,3.756763,NA,"PRESENT"
"720",-71.447016,3.560771,NA,"PRESENT"
"721",-72.477901,3.755974,NA,"PRESENT"
"722",-72.399549,3.736891,NA,"PRESENT"
"723",-72.418407,3.705405,NA,"PRESENT"
"724",-72.846443,3.994097,NA,"PRESENT"
"725",-72.49745,3.76627,NA,"PRESENT"
"726",-72.672365,3.802852,NA,"PRESENT"
"727",-72.489078,3.770982,NA,"PRESENT"
"728",-72.417868,3.714567,NA,"PRESENT"
"729",-72.429626,3.745701,NA,"PRESENT"
"730",-72.454877,3.753132,NA,"PRESENT"
"731",-72.495017,3.776775,NA,"PRESENT"
"732",-72.721431,3.80518,NA,"PRESENT"
"733",-72.430061,3.753872,NA,"PRESENT"
"734",-72.482325,3.772599,NA,"PRESENT"
"735",-72.462949,3.770915,NA,"PRESENT"
"736",-72.720595,3.828699,NA,"PRESENT"
"737",-72.726225,3.857307,NA,"PRESENT"
"738",-72.688989,4.119642,NA,"PRESENT"
"739",-72.685758,4.119344,NA,"PRESENT"
"740",-72.695397,4.135643,NA,"PRESENT"
"741",-72.347124,4.208177,NA,"PRESENT"
"742",-72.358803,4.163745,NA,"PRESENT"
"743",-72.33676,4.19061,NA,"PRESENT"
"744",-72.302238,4.066542,NA,"PRESENT"
"745",-72.289803,4.135297,NA,"PRESENT"
"746",-72.239896,4.141169,NA,"PRESENT"
"747",-72.335192,4.167054,NA,"PRESENT"
"748",-72.343652,4.164615,NA,"PRESENT"
"749",-72.431705,4.190973,NA,"PRESENT"
"750",-72.504239,3.858002,NA,"PRESENT"
"751",-72.542453,3.824689,NA,"PRESENT"
"752",-72.5722,3.901279,NA,"PRESENT"
"753",-72.761695,3.86043,NA,"PRESENT"
"754",-72.977099,3.820359,NA,"PRESENT"
"755",-72.754402,3.895549,NA,"PRESENT"
"756",-72.942496,4.0204,NA,"PRESENT"
"757",-72.943035,4.020962,NA,"PRESENT"
"758",-72.903459,4.006405,NA,"PRESENT"
"759",-72.911617,4.009246,NA,"PRESENT"
"760",-72.913772,4.007995,NA,"PRESENT"
"761",-72.946071,4.055913,NA,"PRESENT"
"762",-72.885802,4.025083,NA,"PRESENT"
"763",-72.863238,4.002314,NA,"PRESENT"
"764",-72.885411,4.044013,NA,"PRESENT"
"765",-72.863109,4.027546,NA,"PRESENT"
"766",-72.936596,4.032437,NA,"PRESENT"
"767",-72.945979,4.017353,NA,"PRESENT"
"768",-72.899301,4.05139,NA,"PRESENT"
"769",-72.885436,4.055088,NA,"PRESENT"
"770",-72.337708,3.934555,NA,"PRESENT"
"771",-72.661679,3.91304,NA,"PRESENT"
"772",-72.162993,4.03722,NA,"PRESENT"
"773",-72.608264,3.810341,NA,"PRESENT"
"774",-72.506069,3.924213,NA,"PRESENT"
"775",-72.693092,3.977191,NA,"PRESENT"
"776",-72.689038,4.010608,NA,"PRESENT"
"777",-72.803689,4.09235,NA,"PRESENT"
"778",-72.820388,4.096175,NA,"PRESENT"
"779",-72.827936,4.111591,NA,"PRESENT"
"780",-72.820701,4.076992,NA,"PRESENT"
"781",-73.662517,3.739762,NA,"PRESENT"
"782",-72.903524,3.27006,NA,"PRESENT"
"783",-73.153653,3.69696,NA,"PRESENT"
"784",-73.149157,3.624423,NA,"PRESENT"
"785",-73.457907,3.570986,NA,"PRESENT"
"786",-73.637869,3.679461,NA,"PRESENT"
"787",-72.672695,3.561544,NA,"PRESENT"
"788",-72.440003,3.537326,NA,"PRESENT"
"789",-72.798202,3.512539,NA,"PRESENT"
"790",-73.369891,3.503398,NA,"PRESENT"
"791",-73.340756,3.585992,NA,"PRESENT"
"792",-73.402054,3.531515,NA,"PRESENT"
"793",-73.355124,3.507912,NA,"PRESENT"
"794",-73.425311,3.536348,NA,"PRESENT"
"795",-72.627905,3.369002,NA,"PRESENT"
"796",-72.544368,3.470651,NA,"PRESENT"
"797",-72.450278,3.50019,NA,"PRESENT"
"798",-72.511963,3.452407,NA,"PRESENT"
"799",-73.699844,4.15745,NA,"PRESENT"
"800",-73.69354,4.167199,NA,"PRESENT"
"801",-73.654799,4.171104,NA,"PRESENT"
"802",-53.99302,3.72685,2500,"PRESENT"
"803",-75.329949,6.701038,31344,"PRESENT"
"804",-69.418669,-17.922454,10,"PRESENT"
"805",-53.87387,5.5053,5000,"PRESENT"
"806",-53.41397,4.59457,5000,"PRESENT"
"807",-52.98799,5.12955,5000,"PRESENT"
"808",-52.39794,4.92919,5000,"PRESENT"
"809",-54.45429,-25.66136,700,"PRESENT"
"810",-54.44603,-25.6791,31.5,"PRESENT"
"811",-69.616667,-18.05,2563,"PRESENT"
"812",-58.04423,-27.98506,3001.5,"PRESENT"
"813",-54.45296,-25.67622,251.5,"PRESENT"
"814",-79.800983,0.431418,3940,"PRESENT"
"815",-54.44913,-25.67778,8.49,"PRESENT"
"816",-54.44847,-25.67465,8.49,"PRESENT"
"817",-54.44961,-25.6777,8.49,"PRESENT"
"818",-54.45183,-25.68866,91.5,"PRESENT"
"819",-54.45653,-25.68929,101.5,"PRESENT"
"820",-66.100638,-13.753475,636,"PRESENT"
"821",-54.32849,-25.69495,1901.5,"PRESENT"
"822",-55.873986,-9.45093,31236,"PRESENT"
"823",-52.79614,2.83866,77408,"PRESENT"
"824",-77.289167,8.171667,NA,"PRESENT"
"825",-61.82867,-24.3064,91.5,"PRESENT"
"826",-76.513056,4.073611,NA,"PRESENT"
"827",-74.688543,5.410809,NA,"PRESENT"
"828",-48.4631767,-23.3450846,NA,"PRESENT"
"829",-58.11908,-28.03938,NA,"PRESENT"
"830",-52.13713,4.58023,5000,"PRESENT"
"831",-52.23741,4.0561,5000,"PRESENT"
"832",-53.95034,5.60934,5000,"PRESENT"
"833",-53.26107,3.69234,5000,"PRESENT"
"834",-53.58696,5.49016,5000,"PRESENT"
"835",-52.80539,5.22825,5000,"PRESENT"
"836",-53.90449,3.5355,5000,"PRESENT"
"837",-52.19369,4.56617,5000,"PRESENT"
"838",-52.13713,4.58023,5000,"PRESENT"
"839",-53.43138,3.73168,5000,"PRESENT"
"840",-52.4376,4.97191,5000,"PRESENT"
"841",-53.30211,4.58764,5000,"PRESENT"
"842",-52.73528,4.0705,5000,"PRESENT"
"843",-69.398518,-29.297963,29508,"PRESENT"
"844",-72.40235,4.895933,NA,"PRESENT"
"845",-69.372027,-29.223823,29508,"PRESENT"
"846",-54.445,-25.70652,NA,"PRESENT"
"847",-68.683948,-12.673313,4283,"PRESENT"
"848",-54.36231,-25.6903,NA,"PRESENT"
"849",-54.32413,-25.69058,NA,"PRESENT"
"850",-77.086161,7.852099,31302,"PRESENT"
"851",-54.46587,-25.68843,100,"PRESENT"
"852",-58.17276,-25.11595,101.5,"PRESENT"
"853",-74.809167,6.19325,NA,"PRESENT"
"854",-42.066561,-22.538259,30278,"PRESENT"
"855",-54.54395,-25.72965,NA,"PRESENT"
"856",-54.54605,-25.72823,NA,"PRESENT"
"857",-54.56898,-25.72278,NA,"PRESENT"
"858",-54.55823,-25.72038,NA,"PRESENT"
"859",-58.14913,-25.07097,NA,"PRESENT"
"860",-57.97653,-25.11776,NA,"PRESENT"
"861",-58.12903,-25.17411,NA,"PRESENT"
"862",-52.21696,4.56776,5000,"PRESENT"
"863",-78.599258,1.079568,3193,"PRESENT"
"864",-78.615095,0.999256,2964,"PRESENT"
"865",-53.339724,-17.251983,30748,"PRESENT"
"866",-74.847778,6.224778,NA,"PRESENT"
"867",-75.777941,6.763332,31344,"PRESENT"
"868",-76.509056,4.073333,NA,"PRESENT"
"869",-53.32092,5.2731,35967,"PRESENT"
"870",-54.3311,-25.5891,21.5,"PRESENT"
"871",-54.26956,-25.79154,21.5,"PRESENT"
"872",-54.37888,-25.75656,21.5,"PRESENT"
"873",-54.37141,-25.60003,21.5,"PRESENT"
"874",-54.30187,-25.56757,21.5,"PRESENT"
"875",-54.41659,-25.68708,21.5,"PRESENT"
"876",-54.46986,-25.68664,21.5,"PRESENT"
"877",-54.25284,-25.80901,21.5,"PRESENT"
"878",-54.30519,-25.78971,21.5,"PRESENT"
"879",-54.22789,-25.77056,21.5,"PRESENT"
"880",-54.4212,-25.66539,21.5,"PRESENT"
"881",-54.39695,-25.65066,21.5,"PRESENT"
"882",-54.44801,-25.74765,21.5,"PRESENT"
"883",-54.38485,-25.62419,21.5,"PRESENT"
"884",-54.44239,-25.71992,21.5,"PRESENT"
"885",-54.34633,-25.61222,21.5,"PRESENT"
"886",-54.34794,-25.78392,21.5,"PRESENT"
"887",-54.40426,-25.72491,21.5,"PRESENT"
"888",-54.43272,-25.70526,21.5,"PRESENT"
"889",-54.32755,-25.8229,21.49,"PRESENT"
"890",-54.29374,-25.81084,21.49,"PRESENT"
"891",-54.3694,-25.80421,21.49,"PRESENT"
"892",-58.01753,-27.9989,1831.48,"PRESENT"
"893",-54.5506,-25.70216,21.5,"PRESENT"
"894",-54.57125,-25.72499,21.5,"PRESENT"
"895",-54.20049,-25.96691,21.5,"PRESENT"
"896",-54.2165,-25.96291,21.49,"PRESENT"
"897",-54.20994,-25.89446,21.5,"PRESENT"
"898",-54.27119,-25.87865,21.49,"PRESENT"
"899",-54.16942,-26.01092,21.49,"PRESENT"
"900",-54.11476,-25.98569,21.49,"PRESENT"
"901",-74.710219,8.327607,31287,"PRESENT"
"902",-58.18075,-24.97052,NA,"PRESENT"
"903",-58.0244,-25.1219,NA,"PRESENT"
"904",-54.53242,-25.64266,NA,"PRESENT"
"905",-54.4139,-25.65555,NA,"PRESENT"
"906",-54.40606,-25.65351,NA,"PRESENT"
"907",-54.39609,-25.64799,NA,"PRESENT"
"908",-54.3945,-25.64521,NA,"PRESENT"
"909",-54.3938,-25.64418,NA,"PRESENT"
"910",-54.39334,-25.64332,NA,"PRESENT"
"911",-54.39326,-25.64318,NA,"PRESENT"
"912",-54.39287,-25.64266,NA,"PRESENT"
"913",-54.38772,-25.63617,NA,"PRESENT"
"914",-54.34631,-25.70074,NA,"PRESENT"
"915",-54.16799,-25.68065,NA,"PRESENT"
"916",-54.34779,-25.69949,51.5,"PRESENT"
"917",-54.45898,-25.69013,NA,"PRESENT"
"918",-54.458,-25.66867,NA,"PRESENT"
"919",-77.8151,0.3327,NA,"PRESENT"
"920",-77.5763,0.2372,NA,"PRESENT"
"921",-77.6701,0.6123,NA,"PRESENT"
"922",-77.5867,0.4883,NA,"PRESENT"
"923",-76.779083,6.016472,NA,"PRESENT"
"924",-54.4591,-25.66144,NA,"PRESENT"
"925",-54.16277,-25.85779,1001.49,"PRESENT"
"926",-54.41545,-25.89183,1001.49,"PRESENT"
"927",-59.63982,-26.86417,NA,"PRESENT"
"928",-58.02234,-28.01482,NA,"PRESENT"
"929",-54.18618,-26.024,1001.49,"PRESENT"
"930",-58.07742,-28.02876,NA,"PRESENT"
"931",-58.02563,-28.01418,NA,"PRESENT"
"932",-58.01891,-28.01523,391.48,"PRESENT"
"933",-54.53697,-25.79326,1021,"PRESENT"
"934",-54.56664,-25.85026,1001.49,"PRESENT"
"935",-53.84015,-26.42975,51.49,"PRESENT"
"936",-54.55264,-25.75087,1001.5,"PRESENT"
"937",-55.28109,-27.79565,1001.48,"PRESENT"
"938",-58.02002,-28.01567,NA,"PRESENT"
"939",-58.00605,-28.00524,NA,"PRESENT"
"940",-58.09105,-28.03421,749.48,"PRESENT"
"941",-54.18377,-26.00074,1001.49,"PRESENT"
"942",-54.44849,-25.68219,NA,"PRESENT"
"943",-58.08012,-25.11613,NA,"PRESENT"
"944",-54.40898,-26.56535,21.49,"PRESENT"
"945",-54.31079,-25.83659,1001.49,"PRESENT"
"946",-75.359,-0.1847,NA,"PRESENT"
"947",-54.45681,-25.68972,NA,"PRESENT"
"948",-75.2192,-0.5713,NA,"PRESENT"
"949",-54.45043,-25.81432,1001.49,"PRESENT"
"950",-54.48792,-25.67936,NA,"PRESENT"
"951",-54.44902,-25.684,NA,"PRESENT"
"952",-74.838083,6.193139,NA,"PRESENT"
"953",-54.44129,-25.71443,11.49,"PRESENT"
"954",-54.31693,-25.61526,21.5,"PRESENT"
"955",-54.33292,-25.59843,21.5,"PRESENT"
"956",-54.33389,-25.63191,21.5,"PRESENT"
"957",-54.30608,-25.65226,21.5,"PRESENT"
"958",-54.28876,-25.68747,21.5,"PRESENT"
"959",-54.34423,-25.61008,21.5,"PRESENT"
"960",-54.37895,-25.69124,21.5,"PRESENT"
"961",-54.41828,-25.6998,21.5,"PRESENT"
"962",-54.34566,-25.6111,21.5,"PRESENT"
"963",-54.35747,-25.62857,21.5,"PRESENT"
"964",-54.34783,-25.78107,21.5,"PRESENT"
"965",-54.2691,-25.78965,21.5,"PRESENT"
"966",-54.2272,-25.77714,21.5,"PRESENT"
"967",-54.34483,-25.73154,21.5,"PRESENT"
"968",-54.31144,-25.76991,21.5,"PRESENT"
"969",-54.41627,-25.68518,21.5,"PRESENT"
"970",-54.44236,-25.71881,21.5,"PRESENT"
"971",-54.4483,-25.7442,21.5,"PRESENT"
"972",-54.43291,-25.70234,21.5,"PRESENT"
"973",-54.36939,-25.80134,21.5,"PRESENT"
"974",-54.32754,-25.82003,21.5,"PRESENT"
"975",-54.45918,-25.65392,21.5,"PRESENT"
"976",-54.2526,-25.80616,21.5,"PRESENT"
"977",-54.30518,-25.78684,21.5,"PRESENT"
"978",-54.42119,-25.66252,21.5,"PRESENT"
"979",-54.38484,-25.62132,21.5,"PRESENT"
"980",-54.24487,-25.9658,1001.49,"PRESENT"
"981",-58.08493,-28.03391,181.48,"PRESENT"
"982",-58.09669,-28.03335,1281.48,"PRESENT"
"983",-54.50651,-25.66284,201.5,"PRESENT"
"984",-54.42021,-25.68068,16.5,"PRESENT"
"985",-54.41474,-25.69142,16.5,"PRESENT"
"986",-54.41923,-25.67052,1001.5,"PRESENT"
"987",-54.4366,-25.70376,1001.5,"PRESENT"
"988",-54.4209,-25.6626,1001.5,"PRESENT"
"989",-54.43508,-25.7029,251.5,"PRESENT"
"990",-54.22462,-26.22866,1001.49,"PRESENT"
"991",-55.7345,-27.63859,1001.48,"PRESENT"
"992",-54.43064,-25.70396,1001.5,"PRESENT"
"993",-54.41499,-25.69461,1001.5,"PRESENT"
"994",-54.42045,-25.675,1001.5,"PRESENT"
"995",-54.16219,-25.86039,1001.49,"PRESENT"
"996",-58.02222,-28.01483,31.5,"PRESENT"
"997",-54.44671,-25.6858,31.5,"PRESENT"
"998",-54.4469,-25.6798,NA,"PRESENT"
"999",-54.44671,-25.68476,26.5,"PRESENT"
"1000",-54.44798,-25.67882,101.5,"PRESENT"
"1001",-54.40525,-25.72313,21.5,"PRESENT"
"1002",-59.62055,-26.799,NA,"PRESENT"
"1003",-54.33507,-25.61122,9001.5,"PRESENT"
"1004",-54.47436,-25.68878,51.5,"PRESENT"
"1005",-54.45936,-25.68573,11.5,"PRESENT"
"1006",-53.84597,-25.85118,21.49,"PRESENT"
"1007",-61.652527,-21.197856,NA,"PRESENT"
"1008",-54.44964,-26.45492,1001.49,"PRESENT"
"1009",-59.62473,-26.88533,2331,"PRESENT"
"1010",-54.42669,-25.75312,1001.5,"PRESENT"
"1011",-54.44937,-25.67855,801.5,"PRESENT"
"1012",-54.40195,-25.71087,21.5,"PRESENT"
"1013",-54.29238,-25.68524,1001.5,"PRESENT"
"1014",-54.34281,-25.86549,1001.49,"PRESENT"
"1015",-54.55375,-25.87091,1001.49,"PRESENT"
"1016",-54.50753,-25.84456,1001.49,"PRESENT"
"1017",-54.42075,-25.66609,21.5,"PRESENT"
"1018",-54.34745,-25.6122,21.5,"PRESENT"
"1019",-54.27016,-25.80829,21.5,"PRESENT"
"1020",-77.891822,-0.597864,5000,"PRESENT"
"1021",-54.47365,-25.91722,1001.49,"PRESENT"
"1022",-55.22157,-27.66105,1001.48,"PRESENT"
"1023",-58.03784,-28.01427,11.48,"PRESENT"
"1024",-53.83447,-26.90397,21.49,"PRESENT"
"1025",-53.86801,-26.89352,21.49,"PRESENT"
"1026",-54.00899,-26.9283,21.49,"PRESENT"
"1027",-53.96349,-26.92775,21.49,"PRESENT"
"1028",-53.91228,-26.90051,21.49,"PRESENT"
"1029",-53.86273,-26.92874,21.49,"PRESENT"
"1030",-53.99034,-26.92065,21.49,"PRESENT"
"1031",-53.89086,-26.89942,21.49,"PRESENT"
"1032",-53.85522,-26.93909,21.49,"PRESENT"
"1033",-53.87178,-26.88795,21.49,"PRESENT"
"1034",-53.88888,-26.86757,21.49,"PRESENT"
"1035",-54.04338,-26.94773,21.49,"PRESENT"
"1036",-54.1719,-26.91223,21.49,"PRESENT"
"1037",-54.15052,-26.94997,21.49,"PRESENT"
"1038",-54.15011,-26.93295,21.49,"PRESENT"
"1039",-54.13997,-26.89309,21.49,"PRESENT"
"1040",-54.09716,-26.89874,21.49,"PRESENT"
"1041",-54.14837,-26.94398,21.49,"PRESENT"
"1042",-54.03461,-26.88112,21.49,"PRESENT"
"1043",-53.91891,-26.84913,21.49,"PRESENT"
"1044",-53.97701,-26.87428,21.49,"PRESENT"
"1045",-54.12732,-26.8719,21.49,"PRESENT"
"1046",-53.88618,-26.88184,21.49,"PRESENT"
"1047",-53.93698,-26.87723,21.49,"PRESENT"
"1048",-53.95772,-26.87866,21.49,"PRESENT"
"1049",-54.04333,-26.85257,21.49,"PRESENT"
"1050",-76.453636,-0.69225,150,"PRESENT"
"1051",-54.41888,-25.70209,21.5,"PRESENT"
"1052",-55.59145,-27.45037,1001.49,"PRESENT"
"1053",-54.04091,-25.79078,1001.49,"PRESENT"
"1054",-54.41807,-25.70126,21.5,"PRESENT"
"1055",-54.17911,-26.99187,1001.49,"PRESENT"
"1056",-53.9063,-26.90151,21.5,"PRESENT"
"1057",-54.7516,-27.0301,1001.49,"PRESENT"
"1058",-61.869999,-17.020747,500,"PRESENT"
"1059",-54.4547,-25.67797,21.5,"PRESENT"
"1060",-54.36771,-25.82627,21.49,"PRESENT"
"1061",-54.12953,-26.00086,31.49,"PRESENT"
"1062",-54.1489,-26.89661,1001.49,"PRESENT"
"1063",-53.88635,-26.87886,1001.49,"PRESENT"
"1064",-54.44446,-25.7017,21.5,"PRESENT"
"1065",-54.44517,-25.75468,1011,"PRESENT"
"1066",-54.1597,-26.46589,1001.49,"PRESENT"
"1067",-54.13697,-26.46436,111.49,"PRESENT"
"1068",-54.6047,-26.81868,501.49,"PRESENT"
"1069",-54.57554,-25.80863,1011,"PRESENT"
"1070",-54.29329,-26.1238,501.49,"PRESENT"
"1071",-53.90917,-26.90206,21.49,"PRESENT"
"1072",-53.8848,-26.88762,21.49,"PRESENT"
"1073",-54.60746,-25.93417,1011,"PRESENT"
"1074",-54.54042,-25.80263,1011,"PRESENT"
"1075",-54.11283,-25.98345,1011,"PRESENT"
"1076",-70.159674,-12.499338,31081,"PRESENT"
"1077",-54.46117,-25.68228,21.5,"PRESENT"
"1078",-53.83393,-26.90478,21.49,"PRESENT"
"1079",-53.86298,-26.85259,21.49,"PRESENT"
"1080",-53.88685,-26.8752,1011,"PRESENT"
"1081",-54.589,4.82,NA,"PRESENT"
"1082",-55.52017,-27.78132,1001.48,"PRESENT"
"1083",-55.42379,-27.8076,1001.48,"PRESENT"
"1084",-55.41827,-27.80539,1001.48,"PRESENT"
"1085",-53.85727,-26.8942,21.49,"PRESENT"
"1086",-54.56791,-25.75115,1001.5,"PRESENT"
"1087",-54.06052,-26.94017,21.49,"PRESENT"
"1088",-54.17149,-26.91271,21.49,"PRESENT"
"1089",-54.03861,-26.85596,21.49,"PRESENT"
"1090",-54.12746,-26.87447,21.49,"PRESENT"
"1091",-72.578083,11.110083,NA,"PRESENT"
"1092",-54.43657,-25.75424,1011,"PRESENT"
"1093",-54.40889,-25.81251,1001.49,"PRESENT"
"1094",-54.12363,-25.99018,1001.49,"PRESENT"
"1095",-52.13263,3.74167,50015,"PRESENT"
"1096",-54.38783,-25.68342,21.5,"PRESENT"
"1097",-54.31259,-26.23694,1001.49,"PRESENT"
"1098",-54.24972,-25.90682,1013,"PRESENT"
"1099",-54.44684,-25.68466,NA,"PRESENT"
"1100",-56.359294,-19.484808,30562,"PRESENT"
"1101",-72.418481,5.932624,1500,"PRESENT"
"1102",-52.31589,3.53298,5000,"PRESENT"
"1103",-54.43249,-25.70323,21.5,"PRESENT"
"1104",-54.42072,-25.66163,21.5,"PRESENT"
"1105",-54.38461,-25.62236,21.5,"PRESENT"
"1106",-54.3261,-25.57586,21.5,"PRESENT"
"1107",-54.38793,-25.63697,21.5,"PRESENT"
"1108",-54.39451,-25.66424,21.5,"PRESENT"
"1109",-54.44739,-25.74628,21.5,"PRESENT"
"1110",-54.29212,-25.67189,21.5,"PRESENT"
"1111",-54.31643,-25.67658,21.5,"PRESENT"
"1112",-54.3922,-25.70116,21.5,"PRESENT"
"1113",-54.35936,-25.62779,21.5,"PRESENT"
"1114",-54.44297,-25.72276,21.5,"PRESENT"
"1115",-54.40855,-25.70928,21.5,"PRESENT"
"1116",-54.41485,-25.68955,21.5,"PRESENT"
"1117",-54.39634,-25.6484,21.5,"PRESENT"
"1118",-54.37962,-25.60322,21.5,"PRESENT"
"1119",-54.38308,-25.67698,21.5,"PRESENT"
"1120",-58.0225,-28.01488,21.48,"PRESENT"
"1121",-58.01538,-28.02722,601.48,"PRESENT"
"1122",-57.99687,-28.02338,1201.48,"PRESENT"
"1123",-53.95021,-26.44835,21.49,"PRESENT"
"1124",-54.4647,-25.7096,116.5,"PRESENT"
"1125",-54.22284,-26.23386,1011,"PRESENT"
"1126",-54.46105,-25.68854,113.5,"PRESENT"
"1127",-54.44083,-25.71516,16.5,"PRESENT"
"1128",-54.43465,-25.70362,101.5,"PRESENT"
"1129",-54.44938,-25.68537,141.5,"PRESENT"
"1130",-54.4445,-25.68311,31.5,"PRESENT"
"1131",-58.10921,-28.03671,2851.48,"PRESENT"
"1132",-58.03778,-28.01463,41.48,"PRESENT"
"1133",-54.41284,-26.09345,1001.49,"PRESENT"
"1134",-54.41216,-26.08923,1011,"PRESENT"
"1135",-54.44983,-25.6809,101.5,"PRESENT"
"1136",-54.41587,-25.69746,21.5,"PRESENT"
"1137",-58.00547,-28.00491,1373.48,"PRESENT"
"1138",-54.4135,-25.89624,1001.49,"PRESENT"
"1139",-58.06193,-25.1127,NA,"PRESENT"
"1140",-58.22727,-25.05262,NA,"PRESENT"
"1141",-58.11858,-28.03934,963.48,"PRESENT"
"1142",-58.01801,-28.01492,301.48,"PRESENT"
"1143",-54.96565,-27.11416,1001.49,"PRESENT"
"1144",-54.12826,-26.00958,1001.49,"PRESENT"
"1145",-58.18165,-25.05231,NA,"PRESENT"
"1146",-58.21987,-25.12617,NA,"PRESENT"
"1147",-58.17673,-25.07702,NA,"PRESENT"
"1148",-58.17893,-25.12213,NA,"PRESENT"
"1149",-47.2432065,-23.9578765,NA,"PRESENT"
"1150",-54.44903,-25.66864,106.5,"PRESENT"
"1151",-54.42245,-25.70435,201.5,"PRESENT"
"1152",-54.44876,-25.66889,1001.5,"PRESENT"
"1153",-54.44815,-25.6742,1001.5,"PRESENT"
"1154",-54.45509,-25.68089,76.5,"PRESENT"
"1155",-54.45355,-25.67995,901.5,"PRESENT"
"1156",-54.41432,-25.70545,1001.5,"PRESENT"
"1157",-54.42111,-25.67923,21.5,"PRESENT"
"1158",-54.41939,-25.70262,21.5,"PRESENT"
"1159",-54.43318,-25.70353,21.5,"PRESENT"
"1160",-54.4346,-25.70362,21.5,"PRESENT"
"1161",-54.16941,-25.85882,1013,"PRESENT"
"1162",-58.20726,-25.06959,NA,"PRESENT"
"1163",-52.48811,4.929,5000,"PRESENT"
"1164",-58.03332,-28.01406,427.48,"PRESENT"
"1165",-54.37125,-25.72737,1001.5,"PRESENT"
"1166",-54.35213,-25.63248,21.5,"PRESENT"
"1167",-54.47428,-25.68619,1013,"PRESENT"
"1168",-53.8818,-26.89641,21.49,"PRESENT"
"1169",-58.22613,-25.04407,NA,"PRESENT"
"1170",-58.21193,-25.07378,NA,"PRESENT"
"1171",-54.45613,-25.68812,16.5,"PRESENT"
"1172",-58.07629,-28.02781,631.48,"PRESENT"
"1173",-53.98479,-25.79896,1001.49,"PRESENT"
"1174",-57.99304,-25.08544,NA,"PRESENT"
"1175",-54.44968,-25.66645,1551.5,"PRESENT"
"1176",-54.6036,-26.81882,1001.49,"PRESENT"
"1177",-55.0358,-27.45165,1001.49,"PRESENT"
"1178",-51.033723,-22.300462,NA,"PRESENT"
"1179",-51.283725,-22.4504637,NA,"PRESENT"
"1180",-51.0504237,-22.5171645,NA,"PRESENT"
"1181",-51.2171266,-22.467163,NA,"PRESENT"
"1182",-50.1504155,-20.5504593,NA,"PRESENT"
"1183",-50.1671125,-20.5004601,NA,"PRESENT"
"1184",-47.3503924,-20.1004653,NA,"PRESENT"
"1185",-47.2836932,-20.2171659,NA,"PRESENT"
"1186",-47.3003933,-20.2004668,NA,"PRESENT"
"1187",-47.6670956,-20.1337657,NA,"PRESENT"
"1188",-47.6503984,-20.1004646,NA,"PRESENT"
"1189",-49.3837119,-21.3837656,NA,"PRESENT"
"1190",-49.3504086,-21.3504646,NA,"PRESENT"
"1191",-49.3171103,-21.3171646,NA,"PRESENT"
"1192",-49.3004098,-21.5337653,NA,"PRESENT"
"1193",-49.2837096,-21.5004652,NA,"PRESENT"
"1194",-47.6003941,-20.1171638,NA,"PRESENT"
"1195",-47.5670959,-20.1337659,NA,"PRESENT"
"1196",-49.3171109,-21.5004651,NA,"PRESENT"
"1197",-49.2004085,-20.5337625,NA,"PRESENT"
"1198",-45.1836863,-22.5671785,NA,"PRESENT"
"1199",-45.3170874,-22.6171773,NA,"PRESENT"
"1200",-44.8836849,-22.4504798,NA,"PRESENT"
"1201",-48.8837129,-22.81717,NA,"PRESENT"
"1202",-48.8171113,-22.75047,NA,"PRESENT"
"1203",-48.5671042,-20.8337649,NA,"PRESENT"
"1204",-48.8004037,-20.4671632,NA,"PRESENT"
"1205",-49.0171131,-22.6004691,NA,"PRESENT"
"1206",-48.9671119,-22.3171684,NA,"PRESENT"
"1207",-49.2171083,-20.4171621,NA,"PRESENT"
"1208",-47.0337012,-23.6671772,NA,"PRESENT"
"1209",-48.9171102,-22.500469,NA,"PRESENT"
"1210",-48.900413,-22.467169,NA,"PRESENT"
"1211",-52.4837322,-22.4004594,NA,"PRESENT"
"1212",-52.4504341,-22.4504606,NA,"PRESENT"
"1213",-52.2004318,-22.1837596,NA,"PRESENT"
"1214",-48.883717,-24.1337746,NA,"PRESENT"
"1215",-49.1171168,-24.2337722,NA,"PRESENT"
"1216",-49.2004194,-24.233772,NA,"PRESENT"
"1217",-58.06402,-28.02326,701.48,"PRESENT"
"1218",-54.08812,-25.94305,21.49,"PRESENT"
"1219",-54.13609,-25.95457,21.49,"PRESENT"
"1220",-54.12082,-25.95978,21.49,"PRESENT"
"1221",-54.07868,-26.00546,21.49,"PRESENT"
"1222",-54.13199,-26.0247,21.49,"PRESENT"
"1223",-54.08957,-26.03148,21.49,"PRESENT"
"1224",-54.139,-25.98333,21.49,"PRESENT"
"1225",-54.11006,-25.99989,21.49,"PRESENT"
"1226",-54.11429,-25.98379,21.49,"PRESENT"
"1227",-54.15935,-26.02518,21.49,"PRESENT"
"1228",-54.10086,-25.97938,21.49,"PRESENT"
"1229",-54.12975,-26.00585,21.49,"PRESENT"
"1230",-54.08265,-26.01328,21.49,"PRESENT"
"1231",-54.07747,-26.01509,21.49,"PRESENT"
"1232",-54.10808,-26.03907,21.49,"PRESENT"
"1233",-54.12532,-26.01572,21.49,"PRESENT"
"1234",-54.09668,-26.0006,21.49,"PRESENT"
"1235",-54.4526,-25.67617,NA,"PRESENT"
"1236",-54.02564,-26.80392,1001.49,"PRESENT"
"1237",-54.02441,-26.80389,1001.49,"PRESENT"
"1238",-67.159992,6.438496,100,"PRESENT"
"1239",-47.9626131,-25.1088787,NA,"PRESENT"
"1240",-46.6503966,-21.9337729,NA,"PRESENT"
"1241",-46.6336956,-21.9837721,NA,"PRESENT"
"1242",-54.45289,-25.67569,1001.5,"PRESENT"
"1243",-54.45341,-25.68008,NA,"PRESENT"
"1244",-54.43082,-25.7034,NA,"PRESENT"
"1245",-54.45793,-25.65982,NA,"PRESENT"
"1246",-54.50073,-25.66061,NA,"PRESENT"
"1247",-54.45406,-25.68238,NA,"PRESENT"
"1248",-54.44203,-25.70954,1001.5,"PRESENT"
"1249",-54.31313,-25.68927,21.5,"PRESENT"
"1250",-54.48111,-25.69141,NA,"PRESENT"
"1251",-54.455,-25.67606,NA,"PRESENT"
"1252",-53.95757,-25.86185,1001.49,"PRESENT"
"1253",-54.11017,-26.00042,21.49,"PRESENT"
"1254",-54.45325,-25.67888,NA,"PRESENT"
"1255",-47.6995036,-22.2866715,NA,"PRESENT"
"1256",-47.7850025,-22.4188716,NA,"PRESENT"
"1257",-47.7122025,-22.2453713,NA,"PRESENT"
"1258",-47.7661044,-22.4142707,NA,"PRESENT"
"1259",-47.8373025,-22.3090702,NA,"PRESENT"
"1260",-54.41199,-26.09273,1001.49,"PRESENT"
"1261",-54.89195,-26.98818,1011,"PRESENT"
"1262",-55.65962,-27.63781,1001.48,"PRESENT"
"1263",-53.76093,-26.35787,1001.49,"PRESENT"
"1264",-55.72944,-27.56285,1001.48,"PRESENT"
"1265",-54.18239,-26.02179,1001.49,"PRESENT"
"1266",-53.85714,-27.09974,1011,"PRESENT"
"1267",-54.44911,-25.67894,1001.5,"PRESENT"
"1268",-54.41594,-25.69595,1011,"PRESENT"
"1269",-54.21699,-26.92613,1001.49,"PRESENT"
"1270",-54.25208,-25.909,1013,"PRESENT"
"1271",-54.13907,-26.02381,21.49,"PRESENT"
"1272",-54.44037,-25.70356,17.5,"PRESENT"
"1273",-55.70946,-27.55381,1000.48,"PRESENT"
"1274",-54.218,-25.96034,21.49,"PRESENT"
"1275",-54.4402,-25.70366,NA,"PRESENT"
"1276",-64.864,-23.711,NA,"PRESENT"
"1277",-54.49978,-25.62864,116.5,"PRESENT"
"1278",-54.46843,-25.68846,1013,"PRESENT"
"1279",-54.46157,-25.68253,1001.5,"PRESENT"
"1280",-54.43553,-25.70299,86.5,"PRESENT"
"1281",-55.381,-27.97005,1001.48,"PRESENT"
"1282",-54.43523,-25.70293,NA,"PRESENT"
"1283",-54.26546,-26.24328,1001.49,"PRESENT"
"1284",-54.11057,-26.03238,21.49,"PRESENT"
"1285",-46.0670936,-23.0004777,NA,"PRESENT"
"1286",-48.1337057,-22.0504687,NA,"PRESENT"
"1287",-48.0171051,-22.1004701,NA,"PRESENT"
"1288",-48.2004064,-22.1171687,NA,"PRESENT"
"1289",-52.79614,2.83866,77408,"PRESENT"
"1290",-54.44145,-25.70508,21.5,"PRESENT"
"1291",-54.50438,-25.6757,21.49,"PRESENT"
"1292",-54.44656,-25.68157,NA,"PRESENT"
"1293",-54.45381,-25.67871,NA,"PRESENT"
"1294",-54.44611,-25.69989,NA,"PRESENT"
"1295",-54.45333,-25.68188,NA,"PRESENT"
"1296",-54.45118,-25.68833,NA,"PRESENT"
"1297",-54.42691,-25.71952,NA,"PRESENT"
"1298",-50.767121,-21.5171626,NA,"PRESENT"
"1299",-50.7171208,-21.5504608,NA,"PRESENT"
"1300",-50.8171204,-21.5337615,NA,"PRESENT"
"1301",-50.8671196,-21.5004613,NA,"PRESENT"
"1302",-48.4504077,-22.0004687,NA,"PRESENT"
"1303",-48.4004087,-22.1337703,NA,"PRESENT"
"1304",-50.2004205,-22.5337658,NA,"PRESENT"
"1305",-49.9171161,-22.350466,NA,"PRESENT"
"1306",-54.50285,-25.65955,NA,"PRESENT"
"1307",-47.15,-22.760278,NA,"PRESENT"
"1308",-48.1837068,-22.6504713,NA,"PRESENT"
"1309",-48.1171054,-22.6504715,NA,"PRESENT"
"1310",-48.0504045,-22.5004712,NA,"PRESENT"
"1311",-47.9837041,-22.5004714,NA,"PRESENT"
"1312",-54.03875,-25.78731,1001.49,"PRESENT"
"1313",-47.3336976,-21.0171694,NA,"PRESENT"
"1314",-47.4003992,-21.0504673,NA,"PRESENT"
"1315",-53.95799,-25.86216,1001.49,"PRESENT"
"1316",-53.96974,-25.90366,1001.49,"PRESENT"
"1317",-54.0829,-25.79615,1001.49,"PRESENT"
"1318",-53.42478,2.82588,5000,"PRESENT"
"1319",-54.42445,-25.70269,NA,"PRESENT"
"1320",-54.45698,-25.6795,NA,"PRESENT"
"1321",-54.45669,-25.67971,NA,"PRESENT"
"1322",-71.455818,-11.887768,31115,"PRESENT"
"1323",-54.45507,-25.6812,NA,"PRESENT"
"1324",-54.52475,-25.64865,NA,"PRESENT"
"1325",-61,-13.55,NA,"PRESENT"
"1326",-54.45316,-25.68904,NA,"PRESENT"
"1327",-77.3847,0.2458,NA,"PRESENT"
"1328",-77.4972,0.1804,NA,"PRESENT"
"1329",-58.811,3.268,NA,"PRESENT"
"1330",-54.45497,-25.68655,NA,"PRESENT"
"1331",-54.43547,-25.70298,NA,"PRESENT"
"1332",-54.47908,-25.68978,NA,"PRESENT"
"1333",-47.001205,-24.3135801,NA,"PRESENT"
"1334",-54.52168,-25.65093,NA,"PRESENT"
"1335",-48.5671075,-22.0171695,NA,"PRESENT"
"1336",-54.45582,-25.68703,NA,"PRESENT"
"1337",-54.45417,-25.68187,NA,"PRESENT"
"1338",-54.49013,-25.6764,NA,"PRESENT"
"1339",-54.44936,-25.67804,NA,"PRESENT"
"1340",-75.7016,-8.4053,NA,"PRESENT"
